sha256,rendered
0001aa38f9609bf802f55536e9a3b3b1ff4ababe22ea6ae6a3258b793d59ceff,True
0000a09b3b22da52cd0a55918c511184e5bfe4adc846e7a522bc6b227a1781a3,True
0002f8675afaa4c6cb3c0c6a57dbdc3e193e92daef8d17fb99fc85d283c08841,True
000045aad61c956b45fc468b2b2ec954636e5f647f1c1995854d46ecaa525e10,True
000060a495b381230860ca7315a1b585fabc651cf0833b72b6f481771cca4277,True
0000b62fec1d42b484fcf80a248c6d65afebe02e021e495db051d5b47d001a32,True
0001f7e37681b124e6756a0c6f9faeebbecf583a5ee3e92e2e4257b87726f911,True
000223fb1496e6885cc20ed47db02763a282c71e91e7a5ca2d3367b72a6c1067,True
0002ff1e54d15aa79f55d2b8e4e7480d4e6c9c46841e23af5bf0c1db587a10b3,True
